smiles,logp,solubility
ClCC(Cl)(Cl)Cl,2.41,-2.18
CC(Cl)(Cl)Cl,2.08,-2
ClC(Cl)C(Cl)Cl,2.84,-1.74
ClCC(Cl)Cl,2.17,-1.48
FC(F)(Cl)C(F)(Cl)Cl,2.7,-3.04
CC(Cl)Cl,1.52,-1.29
ClC(=C)Cl,1.86,-1.64
CCOC(C)OCC,1.13,-0.43
Clc1ccc(Cl)c(Cl)c1Cl,4.39,-4.57
C1CCc2ccccc2C1,3.43,-4.37
Clc1cc(Cl)c(Cl)c(Cl)c1,4.39,-4.63
Clc1cccc(Cl)c1Cl,3.79,-4
Cc1cccc(C)c1C,3.51,-3.2
Brc1cc(Br)c(Br)cc1Br,5.05,-6.98
Clc1cc(Cl)c(Cl)cc1Cl,4.39,-5.56
Cc1cc(C)c(C)cc1C,4.03,-4.59
c1(Br)c(Br)cc(Br)cc1,4.28,-4.5
Clc1ccc(Cl)c(Cl)c1,3.79,-3.59
Cc1ccc(C)c(C)c1,3.51,-3.31
Oc1ccccc1O,1.37,0.62
Brc1ccccc1Br,3.51,-3.5
BrCCBr,1.87,-1.68
Clc1ccccc1Cl,3.18,-3.05
ClCCCl,1.5,-1.06
CC(Cl)CCl,1.92,-1.6
FC(F)(Cl)C(F)(F)Cl,2.5,-2.74
CCOCCOCC,0.79,-0.77
CCc1ccccc1CC,3.89,-3.28
O=N(=O)c1ccccc1N(=O)=O,1.85,-3.1
CC1CO1,0.37,-0.59
Brc1cc(Br)cc(Br)c1,4.28,-5.6
Clc1cc(Cl)cc(Cl)c1,3.79,-4.48
Cc1cc(C)cc(C)c1,3.51,-3.4
O=N(=O)c1cc(cc(c1)N(=O)=O)N(=O)=O,1.79,-2.89
Oc1cccc(O)c1,1.37,0.81
C=CC=C,1.63,-1.87
Brc1cccc(Br)c1,3.51,-3.54
Clc1cccc(Cl)c1,3.18,-3.04
ClCCCCl,1.56,-1.62
CCNC(=S)NCC,0.69,-1.46
Fc1cccc(F)c1,2.26,-2
Cc1cc(C)c2ccccc2c1,3.99,-4.29
O=N(=O)c1cccc(c1)N(=O)=O,1.85,-2.29
Oc1ccc(O)cc1,1.37,-0.17
C1C=CCC=C1,1.94,-2.06
Brc1ccc(Br)cc1,3.51,-4.07
Clc1ccc(Cl)cc1,3.18,-3.27
CCc1ccc(CC)cc1,3.89,-3.75
Fc1ccc(F)cc1,2.26,-1.97
Cc1ccc(C)c2ccccc12,3.99,-4.14
O=N(=O)c1ccc(cc1)N(=O)=O,1.85,-3.39
C=CCC=C,2.08,-2.09
Cc1cccc2c(C)cccc12,3.99,-4.679
C=CCCC=C,2.52,-2.68
c1cnc2c(c1)ccc3ncccc23,2.29,-2.68
CC12CCC(CC1)C(C)(C)O2,2.35,-1.74
CC1(O)CCC2C3CCC4=CC(=O)CCC4(C)C3CCC21C,3.65,-3.999
Nc2cccc3nc1ccccc1cc23,2.68,-4.22
CC(C)CBr,2.27,-2.43
CCCCBr,2.35,-2.37
CCCCCCCBr,3.68,-4.43
CCCCCCBr,3.23,-3.81
Brc1cccc2ccccc12,3.73,-4.35
CCCCCCCCBr,4.12,-5.06
CCCCCBr,2.79,-3.08
CCCBr,1.9,-1.73
CCCCO,0.81,0
CCC=C,1.94,-1.94
CCC#C,1.43,-1.24
ClCCBr,1.69,-1.32
ClCC(C)C,2.08,-2
CCCCCl,2.16,-2.03
CCCCCCCCl,3.49,-4
CCCCCCCl,3.05,-3.12
Clc1cccc2ccccc12,3.57,-3.93
CCCCCCl,2.6,-2.73
CCCCl,1.72,-1.47
CCCCCCCCCCO,3.47,-3.63
CCCCCCCCC=C,4.61,-5.51
CCCCCCCCCCCCO,4.36,-4.8
CCc1cccc2ccccc12,3.92,-4.17
CCCCCCCO,2.14,-1.81
CCCCCC=C,3.27,-3.73
CCCCCC#C,2.77,-3.01
CCCCCCCCCCCCCCCCO,6.14,-7
CCCCCCO,1.69,-1.24
CCCCC=C,2.83,-3.23
CCCC(O)C=C,1.6,-0.59
CCCCC#C,2.32,-2.36
CCCCI,2.78,-2.96
CCCCCCCI,4.11,-4.81
Ic1cccc2ccccc12,3.89,-4.55
CCCI,2.33,-2.29
CC1=CCCCC1,2.55,-3.27
Cc1cccc2c1Cc3ccccc32,4.25,-5.22
Cc1cccc2ccccc12,3.48,-3.7
Cc1cccc2c1ccc3ccccc32,4.47,-5.85
Cn1ccc(=O)[nH]c1=O,-0.63,-0.807
Oc1cccc2ccccc12,2.66,-2.22
Nc1cccc2ccccc12,2.13,-1.92
O=N(=O)c1cccc2ccccc12,2.9,-3.54
CCCN(=O)=O,0.9,-0.8
CCCCCCCCCO,3.03,-3.01
CCCCCCCC=C,4.16,-5.05
CCCCCCCC#C,3.66,-4.24
CCCCCCCCCCCCCCCCCCO,7.03,-8.4
CCCCCCCCO,2.58,-2.39
CCCCCCC=C,3.72,-4.44
CCCCCCC#C,3.21,-3.66
CCCCCCCCCCCCCCCO,5.7,-6.35
CCCCCO,1.25,-0.6
CCCC=C,2.38,-2.68
CCCC#C,1.88,-1.64
CC(O)c1ccccc1,1.62,-0.92
CCCO,0.36,0.62
CCCCCCCCCCCCCCO,5.25,-5.84
Clc1c(Cl)c(Cl)c(c(Cl)c1Cl)c2c(Cl)c(Cl)c(Cl)c(Cl)c2Cl,9.66,-11.6
Clc1cc(c(Cl)c(Cl)c1Cl)c2cc(Cl)c(Cl)c(Cl)c2Cl,8.45,-9.16
Clc1ccc(c(Cl)c1Cl)c2ccc(Cl)c(Cl)c2Cl,7.24,-8.01
Clc1cc(Cl)c(Cl)c(c1Cl)c2c(Cl)c(Cl)cc(Cl)c2Cl,8.45,-9.15
Clc1cccc(c1Cl)c2c(Cl)c(Cl)cc(Cl)c2Cl,7.24,-8.6
Clc1cccc(c1Cl)c2cccc(Cl)c2Cl,6.04,-7.28
Clc1ccc(c(Cl)c1)c2c(Cl)c(Cl)c(Cl)c(Cl)c2Cl,7.85,-7.92
Clc1ccc(Cl)c(c1)c2c(Cl)c(Cl)c(Cl)c(Cl)c2Cl,7.85,-8.94
Clc1ccc(Cl)c(c1)c2cc(Cl)c(Cl)c(Cl)c2Cl,7.24,-7.68
Clc1cc(Cl)c(cc1Cl)c2cccc(Cl)c2Cl,6.64,-7.21
Clc1ccc(c(Cl)c1)c2c(Cl)ccc(Cl)c2Cl,6.64,-7.43
Clc1ccc(Cl)c(c1)c2c(Cl)c(Cl)cc(Cl)c2Cl,7.24,-7.42
Clc1ccc(Cl)c(c1)c2cccc(Cl)c2Cl,6.04,-6.47
CC(C)C(C)(C)C,3.12,-4.36
Clc1cc(Cl)c(cc1Cl)c2cc(Cl)c(Cl)cc2Cl,7.24,-8.56
Clc1cc(Cl)c(c(Cl)c1)c2c(Cl)cc(Cl)cc2Cl,7.24,-8.71
Clc1ccc(c(Cl)c1)c2cc(Cl)ccc2Cl,6.04,-6.57
Clc1cc(Cl)c(c(Cl)c1)c2c(Cl)cccc2Cl,6.64,-7.32
CC(C)CC(C)(C)C,3.56,-4.74
CC(C)CCC(C)(C)C,4.01,-5.05
Clc1cccc(Cl)c1c2c(Cl)cccc2Cl,6.04,-7.39
CCC(C)(C)CO,1.55,-1.04
CCC(C)(C)C,2.83,-3.55
CCCC(C)(C)C,3.27,-4.36
CCCC(C)(C)CO,1.99,-1.52
CC(C)(C)CO,1.1,-0.4
Clc1ccccc1c2ccccc2Cl,4.83,-5.27
Clc1ccc(cc1Cl)c2cc(Cl)c(Cl)c(Cl)c2Cl,7.24,-7.82
Clc1ccc(c(Cl)c1Cl)c2c(Cl)cc(Cl)c(Cl)c2Cl,7.85,-7.66
Clc1ccc(c(Cl)c1)c2cc(Cl)c(Cl)c(Cl)c2Cl,7.24,-7.39
Clc1ccc(c(Cl)c1)c2ccc(Cl)c(Cl)c2Cl,6.64,-7.8
Clc2c(Cl)c(Cl)c(c1ccccc1)c(Cl)c2Cl,6.64,-7.92
Clc1ccc(Cl)c(c1)c2ccc(Cl)c(Cl)c2,6.04,-7.25
Oc1cc(Cl)c(Cl)c(Cl)c1Cl,4.09,-3.15
Oc1c(Cl)cc(Cl)c(Cl)c1Cl,4.09,-3.1
Clc1ccc(cc1)c2cccc(Cl)c2Cl,5.43,-6.29
Clc1ccc(cc1)c2cccc(Cl)c2Cl,5.43,-6.26
Oc1ccc(Cl)c(Cl)c1Cl,3.48,-2.67
CC(C)C(C)C(C)C,3.55,-4.8
Oc1c(Cl)c(Cl)cc(Cl)c1Cl,4.09,-3.37
Clc1cccc(c1)c2cc(Cl)ccc2Cl,5.43,-6.01
Oc1cc(Cl)cc(Cl)c1Cl,3.48,-2.67
Oc1c(Cl)ccc(Cl)c1Cl,3.48,-2.64
O=N(=O)c1c(Cl)c(Cl)ccc1,3.12,-3.48
Oc1cccc(Cl)c1Cl,2.88,-1.3
CC(=C)C(=C)C,2.12,-2.4
CC(C)C(C)C,2.82,-3.65
Cc1cc2ccccc2cc1C,3.99,-4.72
CCC(C)C(C)C,3.26,-4.28
Cc1cccnc1C,1.4,0.38
Clc1ccc(cc1)c2cc(Cl)ccc2Cl,5.43,-6.27
Clc1ccc(cc1)c2cc(Cl)ccc2Cl,5.43,-6.25
Oc1cc(Cl)c(Cl)cc1Cl,3.48,-2.21
Clc1ccc(cc1)c2c(Cl)cccc2Cl,5.43,-6.14
Oc1c(Cl)cc(Cl)cc1Cl,3.48,-2.34
Cc1cc(C)c(O)c(C)c1,3.21,-2.05
Cc1c(cc(cc1N(=O)=O)N(=O)=O)N(=O)=O,2.31,-3.22
Oc1ccc(Cl)cc1Cl,2.88,-1.55
CC(C)CC(C)(C)O,1.79,-0.92
CC(C)C(O)C(C)C,2.03,-1.22
CC(C)C(=O)C(C)C,2.59,-1.3
CC(C)CC(C)C,3.26,-4.26
Cc1ccc(O)c(C)c1,2.7,-1.19
Cc1ccnc(C)c1,1.4,0.38
Cc1ccc(cc1N(=O)=O)N(=O)=O,2.37,-2.82
Clc1ccc(cc1)c2ccccc2Cl,4.83,-5.28
Clc1ccc(cc1)c2ccccc2Cl,4.83,-5.25
Oc1c(Cl)cccc1Cl,2.88,-1.79
Cc1ccc2cc(C)ccc2c1,3.99,-4.89
Cc1cccc(C)c1O,2.7,-1.29
Cc1cccc(C)n1,1.02,0.45
Cc1c(cccc1N(=O)=O)N(=O)=O,2.37,-3
Clc1cccc(Cl)c1c2ccccc2,4.83,-5.21
c2c(C)cc1nc(C)ccc1c2,2.78,-1.94
Nc3ccc2cc1ccccc1cc2c3,3.12,-5.17
c1c(Br)ccc2ccccc12,3.73,-4.4
Brc1ccc2ccccc2c1,3.73,-4.4
CC(C)Br,1.79,-1.59
Cc1ccccc1Br,3.26,-2.23
CCC(=O)C,0.81,0.52
CC=CC=O,0.76,0.32
CCCCOCCO,0.76,-0.42
CCC(C)(C)Cl,2.41,-2.51
COc1ccccc1Cl,2.42,-2.46
Clc1ccccc1c2ccccc2,4.22,-4.54
CCC(C)Cl,2.13,-1.96
Clc1ccc2ccccc2c1,3.57,-4.14
Oc1ccccc1Cl,2.27,-1.06
CC(C)Cl,1.61,-1.41
Cc1ccccc1Cl,3.09,-3.52
NC(N)=NC#N,-1.03,-0.31
CCCCCCCCC(=O)C,3.47,-3.3
CCc1ccccn1,1.59,0.51
CCC(CC)CO,1.61,-1.17
CCCCC(CC)CO,2.5,-2.11
CCCC=C(CC)C=O,2.49,-2.46
CCC(CC)C=O,1.75,-1.52
CCCCC(CC)C=O,2.64,-2.13
CCc1ccc2ccccc2c1,3.92,-4.29
CCc1ccccc1C,3.44,-3.21
CCCCCC(C)O,2.11,-1.55
CCCCCC(=O)C,2.14,-1.45
CCCCC(C)O,1.67,-0.89
CCCCC(=O)C,1.7,-0.8
Oc2ncc1nccnc1n2,0.08,-1.947
Oc1ccccn1,1.05,1.02
CC(C)I,2.12,-2.09
CC(C)c1ccccc1C,3.73,-3.76
COc2ncc1nccnc1n2,0.22,-1.11
CC=C(C)C,2.12,-2.56
CC(=C)C=C,1.88,-2.03
CCC(=C)C,2.18,-2.73
CCCC(=C)C,2.63,-3.03
CCCCCC(C)(C)O,2.39,-1.72
CCCCC(C)(C)O,1.95,-1.08
CCCC(C)(C)O,1.5,-0.49
CCC(O)C(C)C,1.66,-0.7
Cc1ccc2cc3ccccc3cc2c1,4.47,-6.96
CCC(C)(C)O,1.06,0.15
CCC(C)C,2.53,-3.18
CCC(C)CO,1.17,-0.47
CCCCCC(C)C,3.86,-5.08
Cc1ccc2ccccc2c1,3.48,-3.77
CCCC(C)C,2.97,-3.74
CCCC(C)CO,1.61,-1.11
Cc1ccc2c(ccc3ccccc32)c1,4.47,-5.84
Cc1ccccc1O,2.18,-0.62
CC(C)CO,0.73,0.1
CC(C)C,2.08,-2.55
CC(=C)C,1.74,-2.33
Cc2ncc1nccnc1n2,0.25,-0.12
CC1CCCO1,0.95,0.11
Oc1ccc2ccccc2c1,2.66,-2.28
CC(C)N(=O)=O,0.79,-0.62
CCCCCCCC(C)O,3,-2.74
CCCCCCCC(=O)C,3.03,-2.58
CCCCCCC(C)O,2.56,-2.09
CCCCCCC(=O)C,2.59,-2.05
CCCC(C)O,1.22,-0.29
CCCC(=O)C,1.25,-0.19
OCCOc1ccccc1,1.13,-0.7
CC(C)O,0.25,0.43
O=C1CCCN1,-0.58,1.07
CCCCCCCCCC(C)O,3.89,-2.94
CC(C)(C)CCO,1.39,-0.5
CC(O)C(C)(C)C,1.52,-0.62
CC(=O)C(C)(C)C,1.91,-0.72
CCC(C)(C)CC,3.27,-4.23
O=N(=O)c1cc(Cl)c(Cl)cc1,3.12,-3.2
Oc1ccc(Cl)c(Cl)c1,2.88,-1.25
Cc1ccc(O)cc1C,2.7,-1.38
Cc1ccncc1C,1.78,0.36
Clc1ccc(cc1Cl)c2ccccc2,4.83,-6.39
Oc1cc(Cl)cc(Cl)c1,2.88,-1.34
Cc1cc(C)cc(O)c1,2.7,-1.4
Cc1cncc(C)c1,1.78,0.38
O=C1N(COC(=O)CCC)C(=O)C(N1)(c2ccccc2)c3ccccc3,3.38,-5.071
COc1cccc(Cl)c1,2.42,-2.78
c1c(Cl)cccc1c2ccccc2,4.22,-4.88
Oc1cccc(Cl)c1,2.27,-0.7
ClCCC#N,0.61,-0.29
O=C1N(COC(=O)C)C(=O)C(N1)(c2ccccc2)c3ccccc3,2.23,-4.47
CCC(O)(CC)CC,2.1,-0.85
CCCCC(O)CC,2.19,-1.47
O=C1N(COC(=O)CCCCCC)C(=O)C(N1)(c2ccccc2)c3ccccc3,4.71,-6.301
CCCC(O)CC,1.74,-0.8
CCCC(=O)CC,1.95,-0.83
O=C1N(COC(=O)CCCCC)C(=O)C(N1)(c2ccccc2)c3ccccc3,4.27,-5.886
CCC#CCC,2.72,-1.99
CC(C)C=C,2.23,-2.73
CC(C)C(C)O,1.14,-0.18
CC(C)C(=O)C,1.35,-0.12
CCC(C)CCO,1.54,-0.72
CCC(C)CCO,1.54,-0.71
CCC(C)C(=O)C,1.79,-0.67
CCCCC(C)(O)CC,2.47,-1.6
CCCC(C)(O)CC,2.02,-0.98
CCC(C)(O)CC,1.58,-0.36
CC(C)CCO,1.09,-0.51
c1cc(C)cc2c1c3cc4cccc5CCc(c45)c3cc2,6.02,-7.92
CCCCC(C)CC,3.86,-5.16
Cc1c[nH]c2ccccc12,2.59,-2.42
CCC(C)CC,2.97,-3.68
Cc1cccc(O)c1,2.18,-0.68
CCCCCC(O)CC,2.63,-1.98
O=C1N(COC(=O)CCCCCCC)C(=O)C(N1)(c2ccccc2)c3ccccc3,5.16,-6.523
CCC(O)CC,1.3,-0.24
CCC(=O)CC,1.51,-0.28
O=C1N(COC(=O)CCCC)C(=O)C(N1)(c2ccccc2)c3ccccc3,3.82,-4.678
O=C1N(COC(=O)CC)C(=O)C(N1)(c2ccccc2)c3ccccc3,2.93,-4.907
Clc1ccc(cc1)c2ccc(Cl)cc2,4.83,-6.56
Oc1ccc(Br)cc1,2.44,-1.09
Cc1ccc(Br)cc1,3.26,-3.19
COc1ccc(Cl)cc1,2.42,-2.78
Oc1ccc(Cl)cc1,2.27,-0.7
Cc1ccc(Cl)cc1,3.09,-3.08
CCc1ccc(C)cc1,3.44,-3.11
CCCC(O)CCC,2.19,-1.4
CCCC(=O)CCC,2.4,-1.3
c1(O)cc(O)ccc1CCCCCC,4.1,-2.59
Oc1ccncc1,0.45,1.02
CC(C)c1ccc(C)cc1,3.73,-3.77
COc1ncnc2nccnc12,0.14,-1.11
CC(C)CC(C)O,1.51,-0.8
CC(C)CC(=O)C,1.54,-0.74
Cc1ccc(cc1)c2ccccc2,4.13,-4.62
CC(C)CCCO,1.54,-1.14
Cc1ncnc2nccnc12,-0.17,-0.466
CC(=O)Nc1ccc(cc1)N(=O)=O,1.15,-2.692
OCCCC=C,0.95,-0.15
O=C1NC(=O)NC(=O)C1(CC)CC=C(C)C,1.49,-2.253
O=C1NC(=O)NC(=O)C1(C(C)C)CC=C(C)C,1.77,-2.593
O=C1NC(=O)NC(=O)C1(CC=C)CC=C,1,-2.077
O=C1NC(=O)NC(=O)C1(C(C)C)C(C)C,1.29,-2.766
O=C1NC(=O)NC(=O)C1(C)C,-0.17,-1.742
Oc2ccc1CCCCc1c2,3.12,-1.99
Cc1c(C)c2c3ccccc3ccc2c4ccccc14,5.97,-7.01
O=C1NC(=O)NC(=O)C1(CC)CC=C,0.86,-1.614
O=C1NC(=O)NC(=O)C1(C(C)C)CC=C,1.14,-1.708
O=C1NC(=O)NC(=O)C1(C)CC=C,0.41,-1.16
O=C1NC(=O)NC(=O)C1(CC=C)c1ccccc1,1.55,-2.369
O=C1NC(=O)NC(=O)C1(CC)CCC(C)C,1.89,-2.658
O=C1NC(=O)NC(=O)C1(CC)C(C)C,1,-2.148
O=C1NC(=O)NC(=O)C1(CC)c1ccccc1,1.41,-2.322
Fc1c[nH]c(=O)[nH]c1=O,-0.66,-1.077
Oc1cccc2ncccc12,1.83,-2.54
O=C1NC(=O)NC(=O)C1(C)CC,0.27,-1.228
c1cccc2c3c(C)cc4ccccc4c3ccc12,5.46,-6.59
Nc1c(C)c[nH]c(=O)n1,-0.84,-1.458
CCCCC(=O)CCCC,3.29,-2.58
Nc3cc2c1ccccc1ccc2c4ccccc34,4.11,-6.2
Oc2ccc1ncccc1c2,1.83,-2.16
COc2cnc1ncncc1n2,0.14,-1.139
Cc1cc2c3ccccc3ccc2c4ccccc14,5.46,-6.57
Cc1c2ccccc2c(C)c3ccc4ccccc4c13,5.97,-7.02
COc2cnc1cncnc1n2,0.14,-0.91
Cc2cnc1cncnc1n2,-0.17,-0.854
Oc1cccc2cccnc12,1.83,-2.42
Cc1c2ccccc2c(C)c3ccccc13,4.98,-6.57
c3ccc2c(O)c1ccccc1cc2c3,3.65,-4.73
Cc1c2ccccc2cc3ccccc13,4.47,-5.89
COP(=S)(OC)Oc1ccc(Sc2ccc(OP(=S)(OC)OC)cc2)cc1,5.54,-6.237
C1Cc2cccc3cccc1c23,3.53,-4.63
C1=Cc2cccc3cccc1c23,3.33,-3.96
COP(=O)(NC(C)=O)SC,-0.33,0.54
CC(=O)N,-1.03,1.58
CC(=O)Nc1ccccc1,1.21,-1.33
CC(=O)Nc1nnc(s1)S(N)(=O)=O,-1.04,-2.36
CC#N,-0.17,0.26
CC(=O)c1ccccc1,1.53,-1.28
CC(=O)N(S(=O)c1ccc(N)cc1)c2onc(C)c2C,0.5,-3.59
c3ccc2nc1ccccc1cc2c3,3.51,-3.67
C=CC=O,0.37,0.57
C=CC#N,0.76,0.15
Nc1ncnc2nc[nH]c12,-0.57,-2.12
CC34CC(=O)C1C(CCC2=CC(=O)CCC12C)C3CCC4(=O),3.01,-3.48
CCc1cccc(CC)c1N(COC)C(=O)CCl,3.59,-3.26
CC13CCC(=O)C=C1CCC4C2CCC(C(=O)CO)C2(CC(O)C34)C=O,1.06,-3.85
ClC1=C(Cl)C2(Cl)C3C4CC(C=C4)C3C1(Cl)C2(Cl)Cl,4.73,-6.307
NC(=O)NC1NC(=O)NC1=O,-2.36,-1.6
C=CCS(=O)SCC=C,2.02,-0.83
O=c1[nH]cnc2[nH]ncc12,-0.88,-2.266
O=C1NC(=O)C(=O)C(=O)N1,-0.91,-1.25
C1(=O)NC(=O)NC(=O)C1(O)C2(O)C(=O)NC(=O)NC2(=O),-3.99,-1.99
CN(C)c1nc(nc(n1)N(C)C)N(C)C,2.22,-3.364
CCNc1nc(NC(C)C)nc(SC)n1,2.6,-3.04
OCC3OC(OCC2OC(OC(C#N)c1ccccc1)C(O)C(O)C2O)C(O)C(O)C3O,-2.59,-0.77
CNC(=O)Oc1ccc(N(C)C)c(C)c1,2.09,-2.36
CN(C)c2c(C)n(C)n(c1ccccc1)c2=O,1.15,-0.364
Nc1nccs1,0.49,-0.36
CN(C=Nc1ccc(C)cc1C)C=Nc2ccc(C)cc2C,5.41,-5.47
Nc1nc[nH]n1,-0.56,0.522
CCC1(CCC(C)C)C(=O)NC(=O)NC1=O,1.89,-2.468
Cc2c(N)c(=O)n(c1ccccc1)n2C,0.33,-0.624
COc1ccc(cc1)C(O)(C2CC2)c3cncnc3,1.47,-2.596
CC34CCC1C(CCC2=CC(=O)CCC12C)C3CCC4=O,3.93,-3.69
CC12CCC(O)CC1CCC3C2CCC4(C)C3CCC4=O,3.77,-4.402
COc1ccc(C=CC)cc1,2.94,-3.13
Nc1ccccc1,1.14,-0.41
COP(=S)(OC)SCC(=O)N(C(C)C)c1ccc(Cl)cc1,3.6,-4.432
COc1ccccc1,1.82,-1.85
c1ccc2cc3ccccc3cc2c1,3.95,-6.35
O=C1c2ccccc2C(=O)c3ccccc13,2.92,-5.19
Cc1cc(=O)n(c2ccccc2)n1C,1.22,0.715
CCCC1C(=O)N3N(C1=O)c2cc(C)ccc2N=C3N(C)C,2.38,-3.538
OC4=C(C1CCC(CC1)c2ccc(Cl)cc2)C(=O)c3ccccc3C4=O,5,-5.931
CCNc1nc(NC(C)C)nc(OC)n1,1.81,-2.084
CCNc1nc(Cl)nc(NC(C)C)n1,2.2,-3.85
CCN(CC)C(=O)CSc1ccc(Cl)nn1,1.34,-1.716
N(=Nc1ccccc1)c2ccccc2,4.38,-4.45
CNC(=O)C=C(C)OP(=O)(OC)OC,-0.47,0.651
ClCC#CCOC(=O)Nc1cccc(Cl)c1,3.57,-4.37
O=C1NC(=O)NC(=O)C1(CC)CC,0.72,-2.4
NS(=O)(=O)c3cc2c(NC(Cc1ccccc1)NS2(=O)=O)cc3C(F)(F)F,1.7,-3.59
CCCCN(CC)c1c(cc(cc1N(=O)=O)C(F)(F)F)N(=O)=O,4.52,-5.53
CCOC(=O)CCN(SN(C)C(=O)Oc1cccc2CC(C)(C)Oc21)C(C)C,3.5,-4.71
c1c(NC(=O)c2ccccc2(I))cccc1,3.99,-4.21
CCCCNC(=O)n1c(NC(=O)OC)nc2ccccc12,2.33,-4.883
CC(C)OP(=S)(OC(C)C)SCCNS(=O)(=O)c1ccccc1,3.45,-4.2
O=Cc1ccccc1,1.69,-1.19
NC(=O)c1ccccc1,0.82,-0.96
c1ccccc1,1.97,-1.64
c1ccccc1C(O)c2ccccc2,2.99,-2.55
O=C(Cn1ccnc1N(=O)=O)NCc2ccccc2,1.32,-2.81
C1c2ccccc2c3ccc4ccccc4c13,4.73,-6.68
c1ccc2c(c1)cc3ccc4cccc5ccc2c3c45,5.27,-8.699
c1ccc2c(c1)c3cccc4c3c2cc5ccccc54,5.27,-8.23
C1c2ccccc2c3cc4ccccc4cc13,4.73,-8.04
c1ccc2c(c1)c3cccc4ccc5cccc2c5c43,5.27,-7.8
c1ccc2c3c(ccc2c1)c4cccc5cccc3c45,5.27,-8
c1ccc2cc3c4cccc5cccc(c3cc2c1)c45,5.27,-8.49
c1cc2ccc3ccc4ccc5cccc6c(c1)c2c3c4c56,5.61,-9.018
CCOC(=O)c1ccc(N)cc1,1.5,-2.616
OC(C(=O)c1ccccc1)c2ccccc2,2.65,-2.85
N#Cc1ccccc1,1.83,-1
O=C(c1ccccc1)c2ccccc2,3.43,-3.12
c2ccc1scnc1c2,2.11,-1.5
c2ccc1[nH]nnc1c2,1.3,-0.78
c2ccc1ocnc1c2,1.32,-1.16
ClCc1ccccc1,2.56,-2.39
FC(F)(F)c1ccccc1,2.85,-2.51
NC(=O)NCc1ccccc1,0.58,-0.95
CCCCC(=O)OC3(C(C)CC4C2CCC1=CC(=O)C=CC1(C)C2(F)C(O)CC34C)C(=O)CO,3.71,-4.71
C(Cc1ccccc1)c2ccccc2,4.51,-4.62
c1ccc(cc1)c2ccccc2,3.62,-4.345
c2ccc1nc(ccc1c2)c4ccc3ccccc3n4,4.71,-5.4
CC1(C)C2CCC1(C)C(O)C2,1.99,-2.32
CCC(C)n1c(=O)[nH]c(C)c(Br)c1=O,1.69,-2.523
OC(CC(c1ccccc1)c3c(O)c2ccccc2oc3=O)c4ccc(cc4)c5ccc(Br)cc5,6.5,-4.445
Brc1ccccc1,2.74,-2.55
ClCBr,1.13,-0.89
BrC(Cl)Cl,1.98,-1.54
CCBr,1.38,-1.09
CBr,1.02,-0.79
COP(=S)(OC)Oc1cc(Cl)c(Br)cc1Cl,4.64,-6.09
CC(C)OC(=O)C(O)(c1ccc(Br)cc1)c2ccc(Br)cc2,5.01,-4.93
Oc1c(Br)cc(C#N)cc1Br,3.06,-3.33
c1ccccc1n2ncc(N)c(Br)c2(=O),1.27,-3.127
CCCCc1c(C)nc(NCC)nc1OS(=O)(=O)N(C)C,2.22,-4.16
O=C1NC(=O)NC(=O)C1(CC)C(C)CC,1.45,-2.39
c1(C(C)(C)C)cc(C(C)(C)C)cc(OC(=O)NC)c1,4.56,-4.24
CCCCOCN(C(=O)CCl)c1c(CC)cccc1CC,4.92,-4.19
CCC(C)C1(CC(Br)=C)C(=O)NC(=O)NC1=O,1.83,-2.647
CCCCOC(=O)c1ccc(N)cc1,2.47,-3.082
CCC(C)O,0.78,0.47
CCCC,2.24,-2.57
CCCCS,2.06,-2.18
CCCCC1(CC)C(=O)NC(=O)NC1=O,1.61,-1.661
CN1CC(O)N(C1=O)c2nnc(s2)C(C)(C)C,1.03,-1.877
CC(C#C)N(C)C(=O)Nc1ccc(Cl)cc1,2.57,-3.9
CCCCOC=O,1.2,-1.37
CCSC(=O)N(CC(C)C)CC(C)C,3.53,-3.68
CCCCc1ccccc1,3.82,-4.06
CCCC=O,0.76,-0.01
Cn1cnc2n(C)c(=O)n(C)c(=O)c12,-0.55,-0.876
CC1(C)C2CCC1(C)C(=O)C2,2.55,-1.96
CCCCCC=O,1.65,-1.3
ClC(Cl)C(Cl)(Cl)SN2C(=O)C1CC=CCC1C2=O,3.95,-5.4
O=C(Nc1ccccc1)Nc2ccccc2,3.12,-3.15
CNC(=O)Oc1cccc2ccccc12,2.46,-3.224
c1ccc2c(c1)[nH]c3ccccc32,3.09,-5.27
c1c(NC(=O)OC(C)C(=O)NCC)cccc1,1.65,-1.83
CNC(=O)Oc1cccc2CC(C)(C)Oc12,2.05,-2.8
CCOP(=S)(OCC)SCSc1ccc(Cl)cc1,4.89,-5.736
CC1=C(SCCO1)C(=O)Nc2ccccc2,1.51,-3.14
CCC(Br)(CC)C(=O)NC(N)=O,1.39,-2.68
c1(O)c(C)ccc(C(C)C)c1,3.43,-2.08
CC(=C)C1CC=C(C)C(=O)C1,2.55,-2.06
OCC(O)C2OC1OC(OC1C2O)C(Cl)(Cl)Cl,0.08,-1.84
OCC(NC(=O)C(Cl)Cl)C(O)c1ccc(cc1)N(=O)=O,0.88,-2.111
CCN(CC)c1nc(Cl)nc(n1)N(CC)CC,3.77,-4.411
CON(C)C(=O)Nc1ccc(Br)c(Cl)c1,2.85,-3.924
CC(OC(=O)Nc1cccc(Cl)c1)C#C,3.08,-2.617
ClC1CC2C(C1Cl)C3(Cl)C(=C(Cl)C2(Cl)C3(Cl)Cl)Cl,5.27,-6.86
ClC2=C(Cl)C3(Cl)C1C=CCC1C2(Cl)C3(Cl)Cl,4.62,-5.64
CN(C)C=Nc1ccc(Cl)cc1C,2.7,-2.86
CCOC(=O)c1ccccc1S(=O)(=O)NN(C=O)c2nc(Cl)cc(OC)n2,2.2,-4.576
NC(=O)CCl,-0.49,-0.02
ClCC#N,0.37,-0.092
Clc1ccccc1,2.58,-2.38
ClC(Br)Br,2.13,-1.9
ClCC,1.19,-1.06
ClC=C,1.42,-1.75
CC(C)OC(=O)Nc1cccc(Cl)c1,3.21,-3.38
ClC(Cl)(Cl)N(=O)=O,2.47,-2
c1ccc(Cl)cc1C(c2ccc(Cl)cc2)(O)C(=O)OC(C)C,4.68,-4.53
c1(C#N)c(Cl)c(C#N)c(Cl)c(Cl)c(Cl)1,4.1,-5.64
NS(=O)(=O)c2cc1c(N=CNS1(=O)=O)cc2Cl,-0.31,-3.05
CN(C)C(=O)Nc1ccc(C)c(Cl)c1,2.44,-3.46
CN(C)C(=O)Nc2ccc(Oc1ccc(Cl)cc1)cc2,3.43,-4.89
CCOP(=S)(OCC)Oc1nc(Cl)c(Cl)cc1Cl,4.78,-5.67
c2(Cl)c(Cl)c(Cl)c1nccnc1c2(Cl),3.72,-5.43
NS(=O)(=O)c1cc(ccc1Cl)C2(O)NC(=O)c3ccccc23,1.6,-3.451
CN(C)C(=O)Nc1ccc(C)c(Cl)c1,2.44,-3.483
Clc2ccc1oc(=O)[nH]c1c2,1.94,-2.831
C1Cc2c3c1cccc3cc4c2ccc5ccccc54,5.5,-7.85
c1ccc2c(c1)ccc3c4ccccc4ccc23,4.94,-8.057
Cl\C=C/Cl,1.74,-1.3
C/C1CCCCC1\C,3.24,-4.3
CC/C=C\C,2.32,-2.54
CC(C)=CCCC(C)=CC(=O),2.66,-2.06
CC1(C)CON(Cc2ccccc2Cl)C1=O,2.93,-2.338
Clc1ccccc1C2=NCC(=O)Nc3ccc(cc23)N(=O)=O,3.15,-3.499
c1cc2ccc3ccc4ccc5ccc6ccc1c7c2c3c4c5c67,5.94,-9.332
CC12CC(O)C3C(CCC4=CC(=O)CCC34C)C2CCC1C(=O)CO,2.02,-3.24
CC12CC(=O)C3C(CCC4=CC(=O)CCC34C)C2CCC1(O)C(=O)CO,1.66,-3.11
CC(=O)OCC(=O)C3(O)CCC4C2CCC1=CC(=O)CCC1(C)C2C(=O)CC34C,2.1,-4.21
CC(=O)CC(c1ccc(Cl)cc1)c2c(O)c3ccccc3oc2=O,3.35,-5.839
CCOP(=S)(OCC)Oc2ccc1oc(=O)c(Cl)c(C)c1c2,4.15,-5.382
O=c2c(C3CCCc4ccccc43)c(O)c1ccccc1o2,3.79,-2.84
CCNc1nc(Cl)nc(NC(C)(C)C#N)n1,1.96,-3.15
CCSC(=O)N(CC)C1CCCCC1,3.2,-3.4
CCC1(C(=O)NC(=O)NC1=O)C2=CCCCC2,1.47,-2.17
O=C2NC(=O)C1(CCC1)C(=O)N2,-0.19,-1.655
C1CCCCCC1,3.11,-3.51
OC1CCCCCC1,1.73,-0.88
C1CCC=CCC1,2.75,-3.18
O=C2NC(=O)C1(CCCCCC1)C(=O)N2,1.14,-3.168
C1CCCCC1,2.67,-3.1
OC1CCCCC1,1.28,-0.44
O=C1CCCCC1,1.49,-0.6
C1CCC=CC1,2.31,-2.59
CC1CC(C)C(=O)C(C1)C(O)CC2CC(=O)NC(=O)C2,0.9,-1.13
O=C2NC(=O)C1(CCCCC1)C(=O)N2,0.7,-3.06
C1CCCCCCC1,3.56,-4.15
OC1CCCCCCC1,2.17,-1.29
O=C2NC(=O)C1(CCCCCCC1)C(=O)N2,1.59,-2.982
C1CCCC1,2.22,-2.64
C1CC=CC1,1.86,-2.1
O=C2NC(=O)C1(CCCC1)C(=O)N2,0.25,-2.349
O=C2NC(=O)C1(CC1)C(=O)N2,-0.64,-1.886
CN(C)C(=O)NC1CCCCCCC1,2,-2.218
CC1(C)C(C=C(Cl)Cl)C1C(=O)OC(C#N)c2ccc(F)c(Oc3ccccc3)c2,5.59,-7.337
CC1(C)C(C=C(Cl)C(F)(F)F)C1C(=O)OC(C#N)c2cccc(Oc3ccccc3)c2,5.68,-8.176
CC1(C)C(C=C(Cl)Cl)C1C(=O)OC(C#N)c2cccc(Oc3ccccc3)c2,5.44,-8.017
Nc1cc[nH]c(=O)n1,-1.24,-1.155
CC23Cc1cnoc1C=C2CCC4C3CCC5(C)C4CCC5(O)C#C,3.46,-5.507
Nc1ccc(cc1)S(=O)(=O)c2ccc(N)cc2,1.27,-3.094
ClC(Cl)C(c1ccc(Cl)cc1)c2ccc(Cl)cc2,6.11,-7.2
ClC(Cl)=C(c1ccc(Cl)cc1)c2ccc(Cl)cc2,6.11,-6.9
Clc1ccc(cc1)C(c2ccc(Cl)cc2)C(Cl)(Cl)Cl,6.46,-7.15
C1CCC2CCCCC2C1,3.67,-5.19
CCCCSP(=O)(SCCCC)SCCCC,5.57,-5.14
CC1(C)C(C=C(Br)Br)C1C(=O)OC(C#N)c2cccc(Oc3ccccc3)c2,5.74,-8.402
CC12CCC3C(CCC4=CC(=O)CCC34C)C2CCC1C(=O)CO,3.33,-3.45
CC(=O)OCC(=O)C3CCC4C2CCC1=CC(=O)CCC1(C)C2CCC34C,3.77,-4.63
CCOC(=O)Nc2cccc(OC(=O)Nc1ccccc1)c2,3.7,-4.632
CC1CC2C3CCC4=CC(=O)C=CC4(C)C3(F)C(O)CC2(C)C1(O)C(=O)CO,1.68,-3.59
CC4CC3C2CCC1=CC(=O)C=CC1(C)C2(F)C(O)CC3(C)C4(O)C(=O)COC(C)=O,2.12,-4.9
CC2(C)C1CCC(C)(C1)C2=O,3.06,-1.85
CCCCC(CC)COC(=O)c1ccccc1C(=O)OCC(CC)CCCC,8.03,-6.96
CCOP(=S)(OCC)SC(CCl)N1C(=O)c2ccccc2C1=O,3.82,-6.34
CCOP(=S)(OCC)SC(CCl)N2C(=O)c1ccccc1C2=O,3.82,-6.34
CC(C)N(C(C)C)C(=O)SCC(=CCl)Cl,3.36,-4.286
CN2C(=O)CN=C(c1ccccc1)c3cc(Cl)ccc23,3.08,-3.754
CCOP(=S)(OCC)Oc1cc(C)nc(n1)C(C)C,4.19,-3.64
o1c2ccccc2c3ccccc13,3.15,-4.6
c1ccc2c(c1)sc3ccccc23,3.94,-4.38
BrCBr,1.04,-1.17
CCCCOCCCC,2.77,-1.85
CCCCOC(=O)CCCCCCCCC(=O)OCCCC,5.21,-3.896
CCCCOC(=O)c1ccccc1C(=O)OCCCC,4.63,-4.4
COP(=S)(OC)Oc1ccc(cc1Cl)N(=O)=O,3.21,-4.31
ClCCl,1.29,-0.63
Oc1ccc(Cl)cc1Cc2cc(Cl)ccc2O,4.67,-3.953
OC(c1ccc(Cl)cc1)(c2ccc(Cl)cc2)C(Cl)(Cl)Cl,5.56,-5.666
ClC4=C(Cl)C5(Cl)C3C1CC(C2OC12)C3C4(Cl)C5(Cl)Cl,3.95,-6.29
CC=C(C(=CC)c1ccc(O)cc1)c2ccc(O)cc2,4.83,-4.95
ClC1=C(Cl)C(Cl)(C(=C1Cl)Cl)C2(Cl)C(=C(Cl)C(=C2Cl)Cl)Cl,5.13,-7.278
CCOCC,0.84,-0.09
CCOC(=O)c1ccccc1C(=O)OCC,2.69,-2.35
CCSCC,1.73,-1.34
CCSSCC,2.01,-2.42
CCC(=C(CC)c1ccc(O)cc1)c2ccc(O)cc2,5.19,-4.07
COc2ccc(Oc1ccc(NC(=O)N(C)C)cc1)cc2,2.67,-4.16
Fc1cccc(F)c1C(=O)NC(=O)Nc2ccc(Cl)cc2,3.61,-6.02
CC1OC(CC(O)C1O)OC2C(O)CC(OC2C)OC8C(O)CC(OC7CCC3(C)C(CCC4C3CCC5(C)C(CCC45O)C6=CC(=O)OC6)C7)OC8C,3.6,-5.293
CC1OC(CC(O)C1O)OC2C(O)CC(OC2C)OC8C(O)CC(OC7CCC3(C)C(CCC4C3CC(O)C5(C)C(CCC45O)C6=CC(=O)OC6)C7)OC8C,2.37,-4.081
CCCCCCOC(=O)c1ccccc1C(=O)OCCCCCC,6.41,-6.144
ICI,2.48,-2.34
c1(C(=O)OCCCCCC(C)(C))c(C(=O)OCCCCCC(C)(C))cccc1,7.87,-6.637
CC(C)OC(C)C,1.67,-1.1
CC(C)SC(C)C,2.36,-2.24
CCN(CC)C(=O)C(=CCOP(=O)(OC)OC)Cl,1.01,0.523
CN(C)C(=O)Nc1ccc(c(Cl)c1)n2nc(oc2=O)C(C)(C)C,3.44,-4.328
CN(C)C(=O)OC1=CC(=O)CC(C)(C)C1,1.27,-0.85
CCCCc1c(C)nc(nc1O)N(C)C,3.11,-2.24
COCOC,0.19,0.48
COC(=O)c1ccccc1C(=O)OC,1.98,-1.66
CSC,1.22,-0.45
CSSC,1.35,-1.44
CCN(CC)c1c(cc(c(N)c1N(=O)=O)C(F)(F)F)N(=O)=O,3.37,-5.47
CCC(C)c1cc(cc(N(=O)=O)c1O)N(=O)=O,3.24,-3.38
OC1C(O)C(O)C(O)C(O)C1O,-3.78,0.35
CCCSCCC,2.77,-2.58
CCCCCCCCOC(=O)c1ccccc1C(=O)OCCCCCCCC,8.18,-5.115
C1C(O)CCC2(C)CC3CCC4(C)C5(C)CC6OCC(C)CC6OC5CC4C3C=C21,4.4,-7.32
CNC(=O)Oc1ccccc1C2OCCO2,1.45,-1.57
CN(C)C(=O)C(c1ccccc1)c2ccccc2,2.93,-2.98
O(c1ccccc1)c2ccccc2,3.47,-3.96
N(c1ccccc1)c2ccccc2,3.41,-3.504
C(c1ccccc1)c2ccccc2,4.07,-4.08
CCCOCCC,1.88,-1.62
CCN(CC)C(=S)SSC(=S)N(CC)CC,4.16,-4.86
CCOP(=S)(OCC)SCCSCC,3.03,-4.23
CCOP(=S)(OCC)N2C(=O)c1ccccc1C2=O,2.48,-3.35
CN(C)C(=O)Nc1ccc(Cl)c(Cl)c1,2.53,-3.8
CC1=CCC(CC1)C(C)=C,3.22,-4.26
Cc1cc(cc(N(=O)=O)c1O)N(=O)=O,2.06,-1.456
CCOc1ccc(NC(N)=O)cc1,1.08,-2.17
Cn2c(=O)n(C)c1ncn(CC(O)CO)c1c2=O,-1.87,-0.17
CCCCCCCCCCCCCCCCCCCC,9.36,-8.172
ClC4=C(Cl)C5(Cl)C3C1CC(C2OC12)C3C4(Cl)C5(Cl)Cl,3.95,-6.18
CC34CCC1C(CCC2CC(O)CCC12C)C3CCC4=O,3.77,-4.16
CC45CCC2C(CCC3CC1SC1CC23C)C4CCC5O,3.82,-5.41
CC34CCc1c(ccc2cc(O)ccc12)C3CCC4=O,4.3,-5.24
CC34CCC1C(=CCc2cc(O)ccc12)C3CCC4=O,3.9,-5.282
Oc2cc(O)c1C(=O)CC(Oc1c2)c3ccc(O)c(O)c3,2.53,-3.62
OCC(O)C(O)CO,-2.47,0.7
CC12CCC3C(CCc4cc(O)ccc34)C2CCC1O,3.75,-5.03
c1(OC)ccc(CC=C)cc1,2.91,-2.92
CC34CCC1C(CCc2cc(O)ccc12)C3CC(O)C4O,2.67,-4.955
CC12CCC3C(CCc4cc(O)ccc34)C2CCC1=O,4.31,-3.955
CCN(CC(C)=C)c1c(cc(cc1N(=O)=O)C(F)(F)F)N(=O)=O,4.17,-6.124
CC,1.35,-1.36
CCS,1.09,-0.6
CCO,-0.16,1.1
CC34CCC1C(CCc2cc(O)ccc12)C3CCC4(O)C#C,3.9,-4.3
CCSCc1ccccc1OC(=O)NC,2.59,-2.09
CCOP(=S)(OCC)SCSP(=S)(OCC)OCC,3.93,-5.54
CCCCc1c(C)nc(NCC)[nH]c1=O,1.78,-3.028
CC12CCC(=O)C=C1CCC3C2CCC4(C)C3CCC4(O)C#C,3.52,-5.66
CCOC2Oc1ccc(OS(C)(=O)=O)cc1C2(C)C,2.34,-3.42
CCOC2Oc1ccc(OS(C)(=O)=O)cc1C2(C)C,2.34,-3.42
CCOc2ccc1nc(sc1c2)S(N)(=O)=O,1.6,-3.81
CCOC(=O)C,0.28,-0.04
CCOC(=O)c1ccccc1,2.33,-2.32
CCCCCOC(=O)CC,2.39,-1.28
CCOC(=O)C=Cc1ccccc1,2.87,-3
CCCCCCCCCC(=O)OCC,4.09,-4.1
CCOC=O,0.23,0.15
CCCCCCC(=O)OCC,2.76,-2.74
CCCCCC(=O)OCC,2.31,-2.35
CCCCCCCCC(=O)OCC,3.65,-3.8
CCCCCCCC(=O)OCC,3.2,-3.39
CCCOC(=O)CCC,1.95,-1.75
CCOC(=O)CC,0.98,-0.66
CCCOCC,1.36,-0.66
CCOC=C,0.99,-0.85
CCc1ccccc1,2.93,-2.77
CCC1CCCCC1,3.4,-4.25
C=C,1.11,-0.4
CCOC(=O)c1ccc(N)cc1,1.5,-2.1
CCOC(=O)c1ccc(O)cc1,2.03,-2.35
C#C,0.15,0.29
CCOc1ccc(cc1)C(C)(C)COCc3cccc(Oc2ccccc2)c3,6.3,-8.6
CCOC(=O)c1cncn1C(C)c2ccccc2,2.5,-4.735
COc1cc(cc(OC)c1O)C6C2C(COC2=O)C(OC4OC3COC(C)OC3C(O)C4O)c7cc5OCOc5cc67,1.16,-3.571
CC12CCC(CC1)C(C)(C)O2,2.35,-1.64
COc1cc(CC=C)ccc1O,2.61,-1.56
OC(c1ccc(Cl)cc1)(c2cncnc2)c3ccccc3Cl,3.92,-4.38
Cc1occc1C(=O)Nc2ccccc2,2.4,-3.3
COP(=S)(OC)Oc1ccc(N(=O)=O)c(C)c1,3.12,-4.04
CN(C)C(=O)SCCCCOc1ccccc1,2.91,-3.927
CCOC(=O)NCCOc2ccc(Oc1ccccc1)cc2,3.31,-4.7
CC1(C)C(C(=O)OC(C#N)c2cccc(Oc3ccccc3)c2)C1(C)C,4.85,-6.025
CCOP(=S)(OCC)Oc1ccc(cc1)S(C)=O,2.11,-2.3
COP(=S)(OC)Oc1ccc(SC)c(C)c1,3.8,-4.57
CN(C)C(=O)Nc1ccccc1,1.32,-1.6
OC(Cn1cncn1)(Cn2cncn2)c3ccc(F)cc3F,0.56,-1.8
CC(C)C(C(=O)OC(C#N)c1cccc(Oc2ccccc2)c1)c3ccc(OC(F)F)cc3,6.77,-6.876
Nc1nc(=O)[nH]cc1F,-1.04,-0.972
CC34CC(O)C1(F)C(CCC2=CC(=O)CCC12C)C3CCC4(O)C(=O)CO,1.32,-3.43
CC1CC2C3CC(F)C4=CC(=O)C=CC4(C)C3(F)C(O)CC2(C)C1(O)C(=O)CO,1.34,-5.613
CCN(Cc1c(F)cccc1Cl)c2c(cc(cc2N(=O)=O)C(F)(F)F)N(=O)=O,5.67,-6.78
CN(C)C(=O)Nc1cccc(c1)C(F)(F)F,2.2,-3.43
c1ccc2c(c1)c3cccc4cccc2c34,4.28,-6
C1c2ccccc2c3ccccc13,3.74,-5
Fc1ccccc1,2.12,-1.8
CC1CC2C3CCC(O)(C(=O)C)C3(C)CC(O)C2(F)C4(C)C=CC(=O)C=C14,2.42,-4.099
CN(C)C(=O)Nc1cccc(c1)C(F)(F)F,2.2,-3.32
Cn2cc(c1ccccc1)c(=O)c(c2)c3cccc(c3)C(F)(F)F,4.87,-4.445
FC(F)(F)c1cccc(c1)N2CC(CCl)C(Cl)C2=O,3.25,-4.047
OC(Cn1cncn1)(c2ccc(F)cc2)c3ccccc3F,2.6,-3.37
CC(C)C(Nc1ccc(cc1Cl)C(F)(F)F)C(=O)OC(C#N)c2cccc(Oc3ccccc3)c2,6.98,-8.003
CNC(=O)Oc1cccc(N=CN(C)C)c1,1.08,-2.34
COP(=S)(OC)SCC(=O)N(C)C=O,0.28,-1.995
OCC1OC(O)(CO)C(O)C1O,-2.76,0.64
c1ccoc1,1.11,-0.82
O=Cc1ccco1,0.75,-0.1
c1c(O)C2C(=O)C3cc(O)ccC3OC2cc1(OC),0,-2.943
OCC(O)COC(=O)c1ccccc1Nc2ccnc3cc(Cl)ccc23,4.16,-4.571
OCC1OC(O)C(O)C(O)C1O,-2.93,0.74
CCC1(CCC(=O)NC1=O)c2ccccc2,2.13,-2.337
OCC(O)CO,-1.84,1.12
CC(=O)OCC(COC(=O)C)OC(=O)C,-0.52,-0.6
COC1=CC(=O)CC(C)C13Oc2c(Cl)c(OC)cc(OC)c2C3=O,2.17,-3.246
COc1ccccc1O,1.51,-1.96
Nc2nc1[nH]cnc1c(=O)[nH]2,-1.15,-3.583
FC(F)(F)C(Cl)Br,2.12,-1.71
c1cc(O)c(O)c2OCC3(O)CC4=CC(=O)C(O)=CC4=C3c21,0.34,-2.7
ClC1C=CC2C1C3(Cl)C(=C(Cl)C2(Cl)C3(Cl)Cl)Cl,4.78,-6.317
CCCCCCC,3.58,-4.53
ClC(=C(Cl)C(=C(Cl)Cl)Cl)Cl,3.62,-4.92
ClC(Cl)(Cl)C(Cl)(Cl)Cl,3.32,-3.67
CCCCCCCCCCCCCCCCCCCCCCCCCC,12.02,-8.334
CCCCCCCCCCCCCCCC,7.58,-8.4
Cc1c(C)c(C)c(C)c(C)c1C,5.05,-5.23
CCCCCC,3.13,-3.84
CCC(C(CC)c1ccc(O)cc1)c2ccc(O)cc2,5.37,-4.43
CCCCCCc1ccccc1,4.71,-5.21
O=C1CNC(=O)N1,-1.45,-0.4
N(Nc1ccccc1)c2ccccc2,3.76,-2.92
c1ccccc1C(O)C(O)c2ccccc2,2.36,-1.93
NS(=O)(=O)c2cc1c(NCNS1(=O)=O)cc2Cl,-0.58,-2.63
CC12CC(O)C3C(CCC4=CC(=O)CCC34C)C2CCC1(O)C(=O)CO,1.28,-3.09
CC(=O)OCC(=O)C1(O)CCC2C3CCC4=CC(=O)CCC4(C)C3C(O)CC21C,1.72,-4.88
OC1C=CC2C1C3(Cl)C(=C(Cl)C2(Cl)C3(Cl)Cl)Cl,3.43,-5.46
CC(=O)C1(O)CCC2C3CCC4=CC(=O)CCC4(C)C3CCC21C,3.4,-3.817
O=c1[nH]cnc2nc[nH]c12,-0.88,-2.296
C1Cc2ccccc2C1,2.98,-3.04
CC2Cc1ccccc1N2NC(=O)c3ccc(Cl)c(c3)S(N)(=O)=O,2.64,-3.586
c2ccc1[nH]ncc1c2,1.3,-2.16
c2ccc1[nH]ccc1c2,2.07,-1.52
c2ccc1NCCc1c2,1.49,-1.04
OCC1OC(C(O)C1O)n2cnc3c(O)ncnc23,-1.57,-1.23
Ic1ccccc1,2.9,-3.01
CCI,1.81,-1.6
COP(=S)(OC)Oc1cc(Cl)c(I)cc1Cl,4.8,-6.62
CI,1.56,-1
Oc1c(I)cc(C#N)cc1I,3.38,-3.61
CCN(CC)c1nc(Cl)nc(NC(C)C)n1,3.19,-3.785
CCOP(=S)(OCC)Oc1nc(Cl)n(n1)C(C)C,3.48,-3.658
CC(C)COC(=O)C,1.17,-1.21
CC(C)COC=O,1.12,-1.01
CC(C)Cc1ccccc1,3.66,-4.12
C1N(C(=O)NCC(C)C)C(=O)NC1,0.04,-2.15
Cc1cc(no1)C(=O)NNCc2ccccc2,1.43,-2.461
CCOP(=S)(NC(C)C)Oc1ccccc1C(=O)OC(C)C,3.84,-4.194
Nc1nc(O)nc2nc[nH]c12,-0.2,-3.401
c1nccc(C(=O)NN)c1,-0.69,0.009
CC(C)CCOC(=O)C,1.53,-1.92
CC(C)CCOC=O,1.48,-1.52
CC1=CC(=O)CC(C)(C)C1,2.32,-1.06
CNC(=O)Oc1ccccc1C(C)C,2.72,-2.863
CCCN(CCC)c1c(cc(cc1N(=O)=O)C(C)C)N(=O)=O,4.96,-6.49
CC(C)OC(=O)C,0.7,-0.55
CC(C)OC=O,0.65,-0.63
CC(C)c1ccccc1,3.22,-3.27
CC(C)c1ccc(NC(=O)N(C)C)cc1,2.57,-3.536
c1ccc2cnccc2c1,1.75,-1.45
CN(C)C(=O)Nc1cccc(OC(=O)NC(C)(C)C)c1,1.88,-2.93
CC(=O)CCC1C(=O)N(N(C1=O)c2ccccc2)c3ccccc3,2.7,-3.27
ClC1(C(=O)C2(Cl)C3(Cl)C14Cl)C5(Cl)C2(Cl)C3(Cl)C(Cl)(Cl)C45Cl,6.35,-5.259
COc2c1occc1c(OC)c3c(=O)cc(C)oc23,1.72,-3.021
OCC1OC(OC2C(O)C(O)C(O)OC2CO)C(O)C(O)C1O,-4.7,-0.244
C1OC(O)C(O)C(O)C1O,-2.3,0.39
O=c2[nH]c1CCCc1c(=O)n2C3CCCCC3,1.82,-4.594
CC(C)=CCCC(O)(C)C=C,2.65,-1.99
ClC1C(Cl)C(Cl)C(Cl)C(Cl)C1Cl,4.35,-4.64
CON(C)C(=O)Nc1ccc(Cl)c(Cl)c1,2.68,-3.592
OC3N=C(c1ccccc1Cl)c2cc(Cl)ccc2NC3=O,3.53,-3.604
CCC(C)C(=O)OC2CC(C)C=C3C=CC(C)C(CCC1CC(O)CC(=O)O1)C23,3.9,-6.005
CCOC(=O)CC(SP(=S)(OC)OC)C(=O)OCC,1.86,-3.37
CCOC(=O)CC(=O)OCC,0.67,-0.82
OCC1OC(OC2C(O)C(O)C(O)OC2CO)C(O)C(O)C1O,-4.7,0.358
OCC(O)C(O)C(O)C(O)CO,-3.73,0.06
Nc1cccc(Cl)c1,1.75,-1.37
Clc1cccc(Br)c1,3.35,-3.21
Clc1cccc(I)c1,3.51,-3.55
Clc1cccc(c1)N(=O)=O,2.52,-2.77
COC(=O)Nc2nc1ccc(cc1[nH]2)C(=O)c3ccccc3,3.26,-3.88
CCOC(=O)N(C)C(=O)CSP(=S)(OCC)OCC,2.02,-2.518
c1c(OC)c(OC)C2C(=O)OCC2c1,-0.36,-1.899
CC(=O)C3(C)CCC4C2C=C(C)C1=CC(=O)CCC1(C)C2CCC34C,4.59,-5.27
CN(C(=O)COc1nc2ccccc2s1)c3ccccc3,3.42,-4.873
CC(=O)Nc1cc(NS(=O)(=O)C(F)(F)F)c(C)cc1C,2.72,-3.24
CC(=O)OC3(CCC4C2C=C(C)C1=CC(=O)CCC1(C)C2CCC34C)C(C)=O,3.72,-5.35
CC2=CC(=O)c1ccccc1C2=O,1.89,-3.03
CC(C)C1CCC(C)CC1O,2.66,-2.53
CC(C)C1CCC(C)CC1=O,3.05,-2.35
CCCC(C)(COC(N)=O)COC(N)=O,0.93,-1.807
Sc2nc1ccccc1s2,2.89,-3.18
COCC(=O)N(C(C)C(=O)OC)c1c(C)cccc1C,2.12,-1.601
C,1.08,-0.9
CO,-0.52,1.57
Cc1ccccc1n3c(C)nc2ccccc2c3=O,3.17,-2.925
CCC1(CC)C(=O)NC(=O)N(C)C1=O,0.94,-2.23
Cn2c(=O)on(c1ccc(Cl)c(Cl)c1)c2=O,2.77,-2.82
COc1ccccc1OCC(O)COC(N)=O,0.45,-0.985
COC(C)(C)CCCC(C)CC=CC(C)=CC(=O)OC(C)C,5.26,-5.19
COCCCNc1nc(NC(C)C)nc(SC)n1,2.25,-2.928
COc2c1occc1cc3ccc(=O)oc23,1.78,-3.664
COc1ccc(cc1)C(c2ccc(OC)cc2)C(Cl)(Cl)Cl,4.93,-6.89
COC(=O)C,-0.08,0.46
COC(=O)C=C,0.91,-0.22
COC(=O)c1ccccc1,1.98,-1.85
CCCCOC,1.45,-0.99
CCCOC(=O)CC,1.5,-0.82
CCCCCCCCCC(=O)OC,3.74,-4.69
COC=O,-0.13,0.58
COC(=O)c1cc(O)c(O)c(O)c1,1.07,-1.24
CCCCCC(=O)OC,1.96,-1.87
CNN,-0.81,1.34
CCCCCCCCCCCC(=O)OC,4.62,-4.69
COC(=O)c1cccnc1,0.76,-0.46
CCCCCCCCC(=O)OC,3.29,-3.38
CCCCCCCC(=O)OC,2.85,-3.17
CCCC(=O)OCC,1.42,-1.36
CCC(=O)OC,0.62,-0.14
CCCOC,1,-0.39
COC(C)(C)C,1.18,-0.24
CC1CCCCC1,2.95,-3.85
CC1CCCC1,2.51,-3.3
CN(C(=O)NC(C)(C)c1ccccc1)c2ccccc2,3.39,-3.35
COC(=O)c1ccc(O)cc1,1.67,-1.827
CC(=O)OC3(C)CCC4C2CCC1=CC(=O)CCC1(C)C2CCC34C,4.09,-5.284
Cc1cc(=O)[nH]c(=S)[nH]1,0.24,-2.436
CCc1cccc(C)c1N(C(C)COC)C(=O)CCl,3.45,-2.73
CC2Nc1cc(Cl)c(cc1C(=O)N2c3ccccc3C)S(N)(=O)=O,2.94,-3.78
c1ccccc1(OC(=O)NC),1.47,-1.803
COc1ccc(NC(=O)N(C)C)cc1Cl,1.77,-2.564
Cc1ncc(N(=O)=O)n1CCO,-0.46,-1.26
CSc1nnc(c(=O)n1N)C(C)(C)C,1.96,-2.253
Cc1ncc(N(=O)=O)n1CCO,-0.46,-1.22
Fc1cccc(Br)c1,2.88,-2.67
Nc1cc(nc(N)n1=O)N2CCCCC2,1.3,-1.989
ClC1(C2(Cl)C3(Cl)C4(Cl)C5(Cl)C1(Cl)C3(Cl)Cl)C5(Cl)C(Cl)(Cl)C24Cl,7.63,-6.8
Cc1cccc(N)c1,1.66,-0.85
Nc1cccc(c1)N(=O)=O,1.08,-2.19
Oc1cccc(c1)N(=O)=O,1.61,-1.01
Cc1cccc(c1)N(=O)=O,2.43,-2.44
CON(C)C(=O)Nc1ccc(Cl)cc1,2.08,-2.57
COC(=O)c1ccccc1OC2OC(COC3OCC(O)C(O)C3O)C(O)C(O)C2O,-1.74,-0.742
CN(C)C(=O)Nc1ccc(Cl)cc1,1.93,-2.89
Oc1ccc(c(O)c1)c3oc2cc(O)cc(O)c2c(=O)c3O,2.16,-3.083
Cc1cccc(C)c1,3,-2.82
CCN(CC)c1ccccc1,2.79,-3.03
CN(C)C(=O)C,-0.58,1.11
CN(C)c1ccccc1,2.08,-1.92
COP(=O)(OC)OC(Br)C(Cl)(Cl)Br,2.65,-2.28
CCN(CC)C(=O)C(C)Oc1cccc2ccccc12,3.21,-3.57
c1ccc2cc3cc4ccccc4cc3cc2c1,4.94,-8.6
c1ccc2ccccc2c1,2.96,-3.6
CCCCN(C)C(=O)Nc1ccc(Cl)c(Cl)c1,3.86,-4.77
CC(C)=CCC/C(C)=C\CO,2.5,-2.46
CCNc1ccccc1,1.8,-1.7
Cc3ccnc4N(C1CC1)c2ncccc2C(=O)Nc34,2.49,-3.19
Oc1ccc(Cl)cc1C(=O)Nc2ccc(cc2Cl)N(=O)=O,3.91,-4.7
NC(=O)c1cccnc1,-0.39,0.61
COC(=O)C1=C(C)NC(=C(C1c2ccccc2N(=O)=O)C(=O)OC)C,1.82,-4.76
ON=Cc1ccc(o1)N(=O)=O,0.78,-2.19
CN2C(=O)CN=C(c1ccccc1)c3cc(ccc23)N(=O)=O,2.41,-3.796
O=C1NCCN1c2ncc(s2)N(=O)=O,0.24,-3.22
CCN(CC)c1c(cc(c(N)c1N(=O)=O)C(F)(F)F)N(=O)=O,3.37,-3.561
Clc1cccc(n1)C(Cl)(Cl)Cl,3.46,-3.76
O=C3CN=C(c1ccccc1)c2cc(ccc2N3)N(=O)=O,2.55,-3.796
O=N(=O)c1ccccc1,1.91,-1.8
CCN(=O)=O,0.38,-0.22
Clc2ccc(Oc1ccc(cc1)N(=O)=O)c(Cl)c2,4.62,-5.46
O=C2CN(N=Cc1ccc(o1)N(=O)=O)C(=O)N2,-0.22,-3.38
O=N(=O)OCC(CON(=O)=O)ON(=O)=O,0.94,-2.22
CN(=O)=O,0.02,0.26
CNc1ccccc1,1.45,-1.28
CCCCCCCCC,4.46,-5.88
OC(C1=CC2C5C(C1C2=C(c3ccccc3)c4ccccn4)C(=O)NC5=O)(c6ccccc6)c7ccccn7,3.39,-3.931
CN(C)C(=O)NC1CC2CC1C3CCCC23,1.41,-3.171
CC(=O)OC3(CCC4C2CCC1=CC(=O)CCC1C2CCC34C)C#C,3.66,-4.8
CC34CCC1C(CCC2=CC(=O)CCC12O)C3CCC4(O)C#C,2.14,-4.57
CNc2cnn(c1cccc(c1)C(F)(F)F)c(=O)c2Cl,2.42,-4.046
ClC(Cl)C(c1ccc(Cl)cc1)c2ccccc2Cl,6.11,-6.51
Nc1ccccc1O,0.84,-0.72
Nc1ccccc1Cl,1.75,-1.52
Clc1ccccc1Br,3.35,-3.19
Clc1ccccc1I,3.51,-3.54
Clc1ccccc1N(=O)=O,2.52,-2.55
CCCCCCCC,4.02,-5.24
CCOC(=O)N,-0.05,0.85
Fc1ccccc1Br,2.88,-2.7
NC(=O)c1ccccc1O,1.17,-1.82
COc1ccccc1O,1.51,-1.96
Nc1ccccc1N(=O)=O,1.73,-1.96
COc1ccccc1N(=O)=O,1.76,-1.96
Oc1ccccc1N(=O)=O,1.61,-1.74
Cc1ccccc1N(=O)=O,2.43,-2.33
CCCN(CCC)c1c(cc(cc1N(=O)=O)S(N)(=O)=O)N(=O)=O,2.33,-5.16
c1cc2ccc(OC)c(CC=C(C)(C))c2oc1=O,3.35,-4.314
Cc1ccccc1N,1.66,-2.21
CC(C)Oc1cc(c(Cl)cc1Cl)n2nc(oc2=O)C(C)(C)C,5.31,-5.696
CNC(=O)ON=C(SC)C(=O)N(C)C,0.32,0.106
OC3N=C(c1ccccc1)c2cc(Cl)ccc2NC3=O,2.92,-3.952
CC1=C(C(=O)Nc2ccccc2)S(=O)(=O)CCO1,0.17,-2.281
Cc1ccccc1C,3,-2.8
CCCCC1C(=O)N(N(C1=O)c2ccc(O)cc2)c3ccccc3,3.83,-3.73
Nc1ccc(cc1)c2ccc(N)cc2,1.96,-2.7
ClC(Cl)C(c1ccc(Cl)cc1)c2ccc(Cl)cc2,6.11,-7.2
ClC(Cl)=C(c1ccc(Cl)cc1)c2ccc(Cl)cc2,6.11,-6.9
Nc1ccc(O)cc1,0.84,-0.8
O=C1NC(=O)C(=O)N1,-1.2,-0.4
CCOP(=S)(OCC)Oc1ccc(cc1)N(=O)=O,3.32,-4.66
Nc1ccc(cc1)c2ccc(N)cc2,1.96,-2.7
CC(=O)Nc1ccc(Br)cc1,1.98,-3.083
Brc1ccc(I)cc1,3.67,-4.56
CC(=O)Nc1ccc(Cl)cc1,1.82,-2.843
Nc1ccc(Cl)cc1,1.75,-1.66
Clc1ccc(Br)cc1,3.35,-3.63
Clc1ccc(I)cc1,3.51,-4.03
Clc1ccc(cc1)N(=O)=O,2.52,-2.92
Cc1ccc(O)cc1,2.18,-0.73
CCCCN(CC)C(=O)SCCC,3.25,-3.53
Clc1ccc(CN(C2CCCC2)C(=O)Nc3ccccc3)cc1,5.01,-5.915
Clc1cc(Cl)c(Cl)c(Cl)c1Cl,4.99,-5.65
ClC(Cl)C(Cl)(Cl)Cl,3.08,-2.6
Oc1c(Cl)c(Cl)c(Cl)c(Cl)c1Cl,4.69,-4.28
Cc1cc(C)c(C)c(C)c1C,4.54,-4
CCCCC,2.69,-3.18
O=C1NC(=O)NC(=O)C1(CC)C(C)CCC,1.89,-2.39
CCCCCOC(=O)C,1.69,-1.89
CCCCC(=O)OCC,1.87,-2.25
CCCCCc1ccccc1,4.26,-4.64
CCCCCC1CCCC1,4.29,-6.08
Cc1cc(ccc1NS(=O)(=O)C(F)(F)F)S(=O)(=O)c2ccccc2,3.92,-3.8
CC1(C)C(C=C(Cl)Cl)C1C(=O)OCc2cccc(Oc3ccccc3)c2,5.7,-6.291
c1cc2cccc3c4cccc5cccc(c(c1)c23)c54,5.27,-8.804
CC(=O)Nc1ccc(F)cc1,1.35,-1.78
CCOc1ccc(NC(=O)C)cc1,1.41,-2.35
c1ccc2c(c1)ccc3ccccc32,3.95,-5.26
c1ccc2c(c1)cnc3ccccc23,3.12,-2.78
CCOc1ccccc1,2.17,-2.33
COC(=O)Nc1cccc(OC(=O)Nc2cccc(C)c2)c1,3.86,-4.805
CCC1(C(=O)NC(=O)NC1=O)c2ccccc2,1.41,-2.322
c1ccccc1O,1.67,0
Oc1ccc(cc1)C2(OC(=O)c3ccccc23)c4ccc(O)cc4,4.35,-2.9
CC(C)=CC3C(C(=O)OCc2cccc(Oc1ccccc1)c2)C3(C)C,5.57,-5.24
CCCCC1C(=O)N(N(C1=O)c2ccccc2)c3ccccc3,4.14,-3.81
NNc1ccccc1,1.36,0.07
OCc1ccccc1,1.21,-0.4
NC(=S)Nc1ccccc1,1.77,-1.77
O=C1NC(=O)C(N1)(c2ccccc2)c3ccccc3,2.15,-4.097
CCOP(=S)(OCC)SCSCC,3.16,-4.11
CCOP(=S)(OCC)SCn1c(=O)oc2cc(Cl)ccc12,3.75,-5.233
CCOP(=S)(OCC)ON=C(C#N)c1ccccc1,3.66,-4.862
c1cC2C(=O)NC(=O)C2cc1,-0.21,-2.932
O=C1NC(=O)c2ccccc12,0.69,-2.61
N#Cc1ccccc1C#N,1.69,-2.38
CC(=O)Nc1ccc(O)cc1,0.91,-1.03
Oc1ccc(C=O)cc1,1.38,-0.96
c1ccc2c(c1)ccc3c2ccc4c5ccccc5ccc43,5.93,-7.87
O=C(C=CC=Cc2ccc1OCOc1c2)N3CCCCC3,2.78,-3.46
O=Cc2ccc1OCOc1c2,1.31,-1.63
CCCOP(=S)(OCCC)SCC(=O)N1CCCCC1C,3.59,-4.15
CN(C)C(=O)Oc1nc(nc(C)c1C)N(C)C,1.8,-1.95
CN2C(=C(O)c1ccccc1S2(=O)=O)C(=O)Nc3ccccn3,0.6,-4.16
COc1ccc(C=O)cc1,1.53,-1.49
Cc1ccc(N)cc1,1.66,-1.21
Nc1ccc(cc1)N(=O)=O,1.08,-2.37
COc1ccc(cc1)N(=O)=O,1.76,-2.41
Oc1ccc(cc1)N(=O)=O,1.61,-0.74
Cc1ccc(cc1)N(=O)=O,2.43,-2.49
Oc1ccc(cc1)c2ccccc2,3.32,-3.48
CC34CCC1C(CC=C2CC(O)CCC12C)C3CCC4=O,3.36,-4.12
CC12CC(O)C3C(CCC4=CC(=O)C=CC34C)C2CCC1(O)C(=O)CO,1.27,-3.18
CC(=O)OCC(=O)C3(O)CCC4C2CCC1=CC(=O)C=CC1(C)C2C(O)CC34C,1.71,-4.37
CC(=O)C3CCC4C2CC=C1CC(O)CCC1(C)C2CCC34C,3.58,-4.65
CCC1(C(=O)NCNC1=O)c2ccccc2,1.12,-2.64
CCC1(C(C)C)C(=O)NC(=O)NC1=O,1,-2.21
CC12CC2(C)C(=O)N(C1=O)c3cc(Cl)cc(Cl)c3,3.39,-4.8
CC(=O)C1CCC2C3CCC4=CC(=O)CCC4(C)C3CCC12C,4.15,-4.42
COc1nc(NC(C)C)nc(NC(C)C)n1,2.23,-2.478
CSc1nc(NC(C)C)nc(NC(C)C)n1,3.01,-4.1
CC(C)N(C(=O)CCl)c1ccccc1,2.39,-2.48
CCC,1.8,-1.94
CCC(=O)Nc1ccc(Cl)c(Cl)c1,3.12,-3
CC(C)Nc1nc(Cl)nc(NC(C)C)n1,2.61,-4.43
CCNP(=S)(OC)OC(=CC(=O)OC(C)C)C,1.79,-3.408
CCCC1COC(Cn2cncn2)(O1)c3ccc(Cl)cc3Cl,4.33,-3.493
CCC=O,0.32,0.58
CCC#N,0.54,0.28
CNC(=O)Oc1ccccc1OC(C)C,2.09,-2.05
CCCOC(=O)C,0.8,-0.72
CCCC(=O)OC,1.07,-1.92
CCCOC=O,0.75,-0.49
CCCCC(=O)OC,1.51,-1.34
CCCc1ccccc1,3.38,-3.37
CCCC1CCCC1,3.4,-4.74
CC=C,1.49,-1.08
CCCOC(C)C,1.78,-1.34
CC#C,0.99,-0.41
CC(C)(C)c1ccc(O)cc1,3.21,-2.41
c2cnc1ncncc1n2,-0.3,0.02
c1ccc(cc1)c2ccc(cc2)c3ccccc3,5.27,-7.11
Cc1ccc(cc1)S(=O)(=O)N,1.09,-1.74
Cc1ccc(C)cc1,3,-2.77
CC1=C(CCCO1)C(=O)Nc2ccccc2,1.93,-2.56
NC(=O)c1cnccn1,-1.23,-0.667
Nc2cnn(c1ccccc1)c(=O)c2Cl,1.11,-2.878
c1cc2ccc3cccc4ccc(c1)c2c34,4.28,-6.176
c1ccnnc1,-0.22,1.1
c1ccncc1,0.76,0.76
c1cncnc1,0.05,1.1
CN(C)C(=O)Oc1cc(C)nn1c2ccccc2,2,-2.09
CCC2NC(=O)c1cc(c(Cl)cc1N2)S(N)(=O)=O,1.19,-3.29
c1ccc2ncccc2c1,2.13,-1.3
ClC(Cl)CC(=O)NC2=C(Cl)C(=O)c1ccccc1C2=O,1.99,-5.03
Clc1c(Cl)c(Cl)c(N(=O)=O)c(Cl)c1Cl,4.93,-5.82
OCC1OC(CO)(OC2OC(COC3OC(CO)C(O)C(O)C3O)C(O)C(O)C2O)C(O)C1O,-6.3,-0.41
CCC1(C(=O)NC(=O)NC1=O)C2=CCC3CCC2C3,1.58,-2.696
CCN2c1ncccc1N(C)C(=O)c3cccnc23,1.73,-2.62
C1SC(=S)NC1(=O),0.61,-1.77
Cc3cc2nc1c(=O)[nH]c(=O)nc1n(CC(O)C(O)C(O)CO)c2cc3C,-0.92,-3.685
CCCOC(=O)c1ccc(N)cc1,2.03,-2.452
COP(=S)(OC)Oc1cc(Cl)c(Cl)cc1Cl,4.47,-5.72
COc5cc4OCC3Oc2c1CC(Oc1ccc2C(=O)C3c4cc5OC)C(C)=C,3.32,-4.42
CC(C)NC(=O)N1CC(=O)N(C1=O)c2cc(Cl)cc(Cl)c2,2.29,-4.376
O2c1ccccc1N(C)C(=O)c3cccnc23,1.83,-3.672
O2c1ccc(N)cc1N(C)C(=O)c3cc(C)ccc23,2.14,-3.928
CCN2c1nc(Cl)ccc1N(C)C(=O)c3cccnc23,2.55,-4.114
CCN2c1nc(C)cc(C(F)(F)F)c1NC(=O)c3cccnc23,2.88,-4.207
CCN2c1nc(C)cc(C)c1NC(=O)c3cccnc23,2.51,-4.554
CCN2c1ncccc1N(C)C(=S)c3cccnc23,2.62,-4.634
CCN2c1ccccc1N(C)C(=S)c3cccnc23,3.24,-4.706
CCN2c1ccccc1N(C)C(=O)c3ccccc23,2.98,-4.749
CCN2c1ncccc1N(CC)C(=O)c3cccnc23,2.09,-2.86
C2c1ccccc1N(CCF)C(=O)c3ccccc23,3.25,-4.799
CCN2c1cc(N(C)C)cc(C)c1NC(=O)c3cccnc23,3.11,-4.871
CCN2c1cc(OC)cc(C)c1NC(=O)c3cccnc23,2.84,-5.153
CCN2c1cc(Cl)ccc1NC(=O)c3cccnc23,3.09,-5.36
O2c1cc(C)ccc1N(C)C(=O)c3cc(N)cnc23,1.52,-3.043
CCN2c1ccccc1N(C)C(=O)c3cccnc23,2.35,-3.324
CCN2c1nc(N(C)(CCO))ccc1NC(=O)c3cccnc23,1.88,-3.36
C2c1ccccc1N(CCF)C(=O)c3ccccc23,3.25,-3.535
O2c1ccccc1N(CC)C(=O)c3ccccc23,2.81,-3.68
OCC2OC(Oc1ccccc1CO)C(O)C(O)C2O,-1.37,-0.85
NC(=O)c1ccccc1O,1.17,-1.836
c1ccccc1NC(=O)c2c(O)cccc2,2.76,-3.59
CC3C2CCC1(C)C=CC(=O)C(=C1C2OC3=O)C,2.6,-3.09
O=C1NC(=O)NC(=O)C1(C(C)CCC)CC=C,2.03,-2.356
CC1CCCCC1NC(=O)Nc2ccccc2,3.27,-4.11
CCNc1nc(Cl)nc(NCC)n1,1.78,-4.55
CSc1nc(nc(n1)N(C)C)N(C)C,2.74,-2.676
OCC(O)C(O)C(O)C(O)CO,-3.73,1.09
CSCS(=O)CC(CO)NC(=O)C=Cc1c(C)[nH]c(=O)[nH]c1=O,-2.48,-1.981
CC(=O)SC4CC1=CC(=O)CCC1(C)C5CCC2(C)C(CCC23CCC(=O)O3)C45,3.64,-4.173
CCCCOc1ccc(C(=O)OCC)c(c1)N(CC)CC,4.32,-3.84
CC34CCC1C(CCC2CC(=O)CCC12C)C3CCC4O,3.41,-4.743
COP(=O)(OC)OC(=CCl)c1cc(Cl)c(Cl)cc1Cl,4.19,-4.522
C=Cc1ccccc1,2.71,-2.82
C1OC1c2ccccc2,1.74,-1.6
O=C1CCC(=O)N1,-0.99,0.3
OCC2OC(OC1(CO)OC(CO)C(O)C1O)C(O)C(O)C2O,-4.53,0.79
NC(=N)NS(=O)(=O)c1ccc(N)cc1,-0.52,-1.99
CCN(CC)C(=S)SCC(Cl)=C,3.1,-3.39
Nc1ccc(cc1)S(N)(=O)=O,-0.25,-1.34
CCC(C)C1(CC=C)C(=O)NC(=O)NC1=O,1.59,-2.016
CC(C)(C)c1ccccc1,3.52,-3.66
C/C=C/C=O,0.76,0.32
Fc1cccc(F)c1C(=O)NC(=O)Nc2cc(Cl)c(F)c(Cl)c2F,4.5,-7.28
Cc1[nH]c(=O)n(c(=O)c1Cl)C(C)(C)C,1.29,-2.484
CCOP(=S)(OCC)SCSC(C)(C)C,3.65,-4.755
CCNc1nc(NC(C)(C)C)nc(OC)n1,2.09,-3.239
CCNc1nc(NC(C)(C)C)nc(SC)n1,2.88,-4
CC12CCC3C(CCC4=CC(=O)CCC34C)C2CCC1O,3.37,-4.02
CC(=O)OC3CCC4C2CCC1=CC(=O)CCC1(C)C2CCC34C,3.81,-5.184
CCC(=O)OC3CCC4C2CCC1=CC(=O)CCC1(C)C2CCC34C,4.51,-5.37
BrC(Br)(Br)Br,3.6,-3.14
ClC(=C(Cl)Cl)Cl,2.62,-2.54
COc1c(O)c(Cl)c(Cl)c(Cl)c1Cl,3.93,-4.02
ClC(Cl)(Cl)Cl,3,-2.31
CCCCCCCCCCCCCC,6.69,-7.96
Cc1c(F)c(F)c(COC(=O)C2C(C=C(Cl)C(F)(F)F)C2(C)C)c(F)c1F,5.51,-7.321
C1CCOC1,0.53,0.49
C1CCOCC1,0.97,-0.03
CN(C)C(=O)N(C)C,-0.47,0.94
O=C1N(C2CCC(=O)NC2=O)C(=O)c3ccccc13,0.02,-2.676
Cn1cnc2n(C)c(=O)[nH]c(=O)c12,-0.77,-2.523
Cn1c(=O)n(C)c2nc[nH]c2c1=O,-0.77,-1.39
CS(=O)(=O)c1ccc(cc1)C(O)C(CO)NC(=O)C(Cl)Cl,-0.22,-2.154
CCCC(C)C1(CC=C)C(=O)NC(=S)NC1=O,2.92,-3.46
c1ccccc1SC,2.6,-2.39
CNC(=O)ON=C(CSC)C(C)(C)C,2.56,-1.62
CCSCCSP(=S)(OC)OC,2.32,-3.091
CCCC(C)C1(CC)C(=O)NC(=S)NC1=O,2.78,-3.36
c1ccsc1,1.75,-1.33
Sc1ccccc1,2.07,-2.12
Sc1nccc(=O)[nH]1,0.48,-2.273
NC(=S)N,-0.47,0.32
CN(C)C(=S)SSC(=S)N(C)C,2.73,-3.9
Cc1c[nH]c(=O)[nH]c1=O,-0.46,-1.506
CC(C)c1ccc(C)cc1O,3.43,-2.22
Cc1ccccc1,2.49,-2.21
CC(C)(C)Cc1ccccc1,3.96,-4.15
C/C1CCC(\C)CC1,3.24,-4.47
CCCC/C=C/C,3.21,-3.82
CC/C=C/C,2.32,-2.54
CC(C)(C)C(=O)C(Oc1ccc(Cl)cc1)n2cncn2,3.97,-3.61
CC(C)N(C(C)C)C(=O)SCC(Cl)=C(Cl)Cl,3.8,-4.88
CC34CC(O)C1(F)C(CCC2=CC(=O)C=CC12C)C3CC(O)C4(O)C(=O)CO,0.24,-3.68
CC5(C)OC4CC3C2CCC1=CC(=O)C=CC1(C)C2(F)C(O)CC3(C)C4(O5)C(=O)CO,1.94,-4.31
CC(=O)OCC(=O)C3(O)C(CC4C2CCC1=CC(=O)C=CC1(C)C2(F)C(O)CC34C)OC(C)=O,1.12,-4.13
Nc3nc(N)c2nc(c1ccccc1)c(N)nc2n3,1.11,-2.404
Cc3nnc4CN=C(c1ccccc1Cl)c2cc(Cl)ccc2n34,2.89,-4.09
BrC(Br)Br,2.28,-1.91
NS(=O)(=O)c2cc1c(NC(NS1(=O)=O)C(Cl)Cl)cc2Cl,0.97,-2.68
COP(=O)(OC)C(O)C(Cl)(Cl)Cl,1.14,-0.22
NS(=O)(=O)c2cc1c(NC(NS1(=O)=O)C(Cl)Cl)cc2Cl,0.97,-2.68
ClC(Cl)(Cl)C#N,1.59,-2.168
ClC=C(Cl)Cl,2.18,-1.96
ClC(Cl)Cl,1.83,-1.17
CCOP(=S)(CC)Oc1cc(Cl)c(Cl)cc1Cl,4.77,-5.752
Oc1cc(Cl)ccc1Oc2ccc(Cl)cc2Cl,4.98,-4.46
Cc1ccc(OP(=O)(Oc2cccc(C)c2)Oc3ccccc3C)cc1,6.63,-6.01
Cc2cccc3sc1nncn1c23,1.16,-2.07
CCNc1nc(Cl)nc(n1)N(CC)CC,2.77,-4.06
CCOP(=O)(OCC)OCC,1.18,0.43
CCCN(CCC)c1c(cc(cc1N(=O)=O)C(F)(F)F)N(=O)=O,4.6,-5.68
ClC(Cl)(Cl)C(NC=O)N1C=CN(C=C1)C(NC=O)C(Cl)(Cl)Cl,1.93,-4.19
COc2cc1c(N)nc(nc1c(OC)c2OC)N3CCN(CC3)C(=O)OCC(C)(C)O,1.2,-3.638
c1ccc2c(c1)c3ccccc3c4ccccc24,4.94,-6.726
Nc1ncnc2n(ccc12)C3OC(CO)C(O)C3O,-1.28,-1.95
O=c1cc[nH]c(=O)[nH]1,-0.86,-1.488
NC(=O)N,-1.36,0.96
O=c2[nH]c(=O)c1[nH]c(=O)[nH]c1[nH]2,-1.54,-3.93
CCCCC=O,1.21,-0.85
CNC(=O)C(C)SCCSP(=O)(OC)(OC),0.32,1.144
CC1(OC(=O)N(C1=O)c2cc(Cl)cc(Cl)c2)C=C,3.74,-4.925
CC(=O)CC(c1ccccc1)c3c(O)c2ccccc2oc3=O,2.74,-3.893
Cc1cccc(C)c1NC(=O)c2cc(c(Cl)cc2O)S(N)(=O)=O,3,-3.79
CNC(=O)Oc1cc(C)cc(C)c1,2.5,-2.581